q_id,q_tag,question,options,advice,diagnosis,lab_tests,red_flags,precautions,otc_medication
1,NEW,What is your gender?,"[{'next_q_id': 2, 'opt_value': 'Male', 'option_id': 1}, {'next_q_id': 2, 'opt_value': 'Female', 'option_id': 2}]",,,,,,
2,NEW,What is your age category?,"[{'next_q_id': 3, 'opt_value': '0-2 years (Infant/Toddler)', 'option_id': 1}, {'next_q_id': 3, 'opt_value': '3-12 years (Child)', 'option_id': 2}, {'next_q_id': 3, 'opt_value': '13-18 years (Adolescent)', 'option_id': 3}, {'next_q_id': 3, 'opt_value': '19-40 years (Young Adult)', 'option_id': 4}, {'next_q_id': 3, 'opt_value': '41-65 years (Middle-aged Adult)', 'option_id': 5}, {'next_q_id': 3, 'opt_value': '66+ years (Senior)', 'option_id': 6}]",,,,,,
3,NEW,Does the infant have a persistent cough?,"[{'next_q_id': 4, 'opt_value': 'Yes', 'option_id': 1}, {'next_q_id': 101, 'opt_value': 'No', 'option_id': 2}]",,,,,,
4,NEW,Is the cough accompanied by fever?,"[{'next_q_id': 5, 'opt_value': 'Yes', 'option_id': 1}, {'next_q_id': 6, 'opt_value': 'No', 'option_id': 2}]",,,,,,
5,NEW,Does the infant have difficulty breathing?,"[{'next_q_id': 104, 'opt_value': 'Yes', 'option_id': 1}, {'next_q_id': 6, 'opt_value': 'No', 'option_id': 2}]",,,,,,
6,NEW,Is the cough wet or productive?,"[{'next_q_id': 7, 'opt_value': 'Wet', 'option_id': 1}, {'next_q_id': 8, 'opt_value': 'Dry', 'option_id': 2}]",,,,,,
7,NEW,Does the infant have nasal congestion?,"[{'next_q_id': 105, 'opt_value': 'Yes', 'option_id': 1}, {'next_q_id': 8, 'opt_value': 'No', 'option_id': 2}]",,,,,,
8,NEW,Is the infant's cough worse at night?,"[{'next_q_id': 102, 'opt_value': 'Yes', 'option_id': 1}, {'next_q_id': 9, 'opt_value': 'No', 'option_id': 2}]",,,,,,
9,NEW,Is the infant wheezing while coughing?,"[{'next_q_id': 101, 'opt_value': 'Yes', 'option_id': 1}, {'next_q_id': 10, 'opt_value': 'No', 'option_id': 2}]",,,,,,
10,NEW,Has the infant been exposed to smoke or pollutants?,"[{'next_q_id': 106, 'opt_value': 'Yes', 'option_id': 1}, {'next_q_id': 11, 'opt_value': 'No', 'option_id': 2}]",,,,,,
11,NEW,Does the infant have a history of allergies?,"[{'next_q_id': 105, 'opt_value': 'Yes', 'option_id': 1}, {'next_q_id': 12, 'opt_value': 'No', 'option_id': 2}]",,,,,,
12,NEW,Does the infant vomit after coughing?,"[{'next_q_id': 106, 'opt_value': 'Yes', 'option_id': 1}, {'next_q_id': 13, 'opt_value': 'No', 'option_id': 2}]",,,,,,
13,NEW,Is the infant feeding normally despite the cough?,"[{'next_q_id': 107, 'opt_value': 'Yes', 'option_id': 1}, {'next_q_id': 14, 'opt_value': 'No', 'option_id': 2}]",,,,,,
14,NEW,Has the infant been recently vaccinated?,"[{'next_q_id': 103, 'opt_value': 'Yes', 'option_id': 1}, {'next_q_id': 107, 'opt_value': 'No', 'option_id': 2}]",,,,,,
101,DIAGNOSIS,Diagnosis: Bronchiolitis,[],"['Keep the infant hydrated', 'Use a humidifier']","{'description': 'A common lung infection in infants causing cough and wheezing.', 'diagnosis_title': 'Bronchiolitis'}","['Chest X-ray', 'Oxygen saturation test']","['Severe difficulty breathing', 'Bluish skin']",['Avoid smoke exposure'],['Saline nasal drops']
102,DIAGNOSIS,Diagnosis: Croup,[],['Steam inhalation'],"{'description': 'A viral infection causing a barking cough and stridor in young children.', 'diagnosis_title': 'Croup'}",['Clinical diagnosis'],['Stridor at rest'],['Avoid cold air exposure'],['Acetaminophen for fever']
103,DIAGNOSIS,Diagnosis: RSV Infection,[],['Frequent suctioning of nasal secretions'],"{'description': 'A respiratory virus causing cold-like symptoms in infants.', 'diagnosis_title': 'RSV Infection'}",['RSV antigen test'],['Severe lethargy'],['Hand hygiene'],['Saline drops']
104,DIAGNOSIS,Diagnosis: Pneumonia,[],['Seek immediate medical care'],"{'description': 'Lung infection causing fever, cough, and difficulty breathing.', 'diagnosis_title': 'Pneumonia'}","['Chest X-ray', 'Blood culture']",['Rapid breathing'],['Vaccination'],"['None, prescription antibiotics needed']"
105,DIAGNOSIS,Diagnosis: Allergic Rhinitis,[],['Avoid allergens'],"{'description': 'Allergy-induced nasal congestion and cough.', 'diagnosis_title': 'Allergic Rhinitis'}",['Allergy testing'],['Severe swelling'],['Use air purifiers'],['Antihistamines']
106,DIAGNOSIS,Diagnosis: Whooping Cough (Pertussis),[],['Vaccination'],"{'description': 'A bacterial infection causing severe coughing fits.', 'diagnosis_title': 'Whooping Cough (Pertussis)'}",['Pertussis culture'],['Apnea episodes'],['Avoid contact with infected individuals'],"['None, antibiotics required']"
107,DIAGNOSIS,Diagnosis: Common Cold,[],['Ensure hydration'],"{'description': 'A viral infection causing mild cough and nasal congestion.', 'diagnosis_title': 'Common Cold'}",['None'],['High fever'],['Handwashing'],['Saline drops']
1,NEW,What is your gender?,"[{'next_q_id': 2, 'opt_value': 'Male', 'option_id': 1}, {'next_q_id': 2, 'opt_value': 'Female', 'option_id': 2}]",,,,,,
2,NEW,What is your age category?,"[{'next_q_id': 3, 'opt_value': '0-2 years (Infant/Toddler)', 'option_id': 1}, {'next_q_id': 1000, 'opt_value': '3-12 years (Child)', 'option_id': 2}, {'next_q_id': 1000, 'opt_value': '13-18 years (Adolescent)', 'option_id': 3}, {'next_q_id': 1000, 'opt_value': '19-40 years (Young Adult)', 'option_id': 4}, {'next_q_id': 1000, 'opt_value': '41-65 years (Middle-aged Adult)', 'option_id': 5}, {'next_q_id': 1000, 'opt_value': '66+ years (Senior)', 'option_id': 6}]",,,,,,
3,NEW,Does the infant have a persistent cough?,"[{'next_q_id': 4, 'opt_value': 'Yes', 'option_id': 1}, {'next_q_id': 1007, 'opt_value': 'No', 'option_id': 2}]",,,,,,
4,NEW,Is the cough accompanied by fever?,"[{'next_q_id': 5, 'opt_value': 'Yes', 'option_id': 1}, {'next_q_id': 6, 'opt_value': 'No', 'option_id': 2}]",,,,,,
5,NEW,Does the infant have difficulty breathing?,"[{'next_q_id': 104, 'opt_value': 'Yes', 'option_id': 1}, {'next_q_id': 6, 'opt_value': 'No', 'option_id': 2}]",,,,,,
6,NEW,Is the cough wet or productive?,"[{'next_q_id': 7, 'opt_value': 'Wet', 'option_id': 1}, {'next_q_id': 8, 'opt_value': 'Dry', 'option_id': 2}]",,,,,,
7,NEW,Does the infant have nasal congestion?,"[{'next_q_id': 105, 'opt_value': 'Yes', 'option_id': 1}, {'next_q_id': 9, 'opt_value': 'No', 'option_id': 2}]",,,,,,
8,NEW,Is the infant's cough worse at night?,"[{'next_q_id': 102, 'opt_value': 'Yes', 'option_id': 1}, {'next_q_id': 9, 'opt_value': 'No', 'option_id': 2}]",,,,,,
9,NEW,Is the infant wheezing while coughing?,"[{'next_q_id': 101, 'opt_value': 'Yes', 'option_id': 1}, {'next_q_id': 10, 'opt_value': 'No', 'option_id': 2}]",,,,,,
10,NEW,Has the infant been exposed to smoke or pollutants?,"[{'next_q_id': 106, 'opt_value': 'Yes', 'option_id': 1}, {'next_q_id': 11, 'opt_value': 'No', 'option_id': 2}]",,,,,,
11,NEW,Does the infant have a history of allergies?,"[{'next_q_id': 105, 'opt_value': 'Yes', 'option_id': 1}, {'next_q_id': 12, 'opt_value': 'No', 'option_id': 2}]",,,,,,
12,NEW,Does the infant vomit after coughing?,"[{'next_q_id': 106, 'opt_value': 'Yes', 'option_id': 1}, {'next_q_id': 13, 'opt_value': 'No', 'option_id': 2}]",,,,,,
13,NEW,Is the infant feeding normally despite the cough?,"[{'next_q_id': 107, 'opt_value': 'Yes', 'option_id': 1}, {'next_q_id': 14, 'opt_value': 'No', 'option_id': 2}]",,,,,,
14,NEW,Has the infant been recently vaccinated?,"[{'next_q_id': 103, 'opt_value': 'Yes', 'option_id': 1}, {'next_q_id': 107, 'opt_value': 'No', 'option_id': 2}]",,,,,,
101,DIAGNOSIS,Diagnosis: Bronchiolitis,[],"['Keep the infant hydrated', 'Use a humidifier']","{'description': 'A common lung infection in infants causing cough and wheezing.', 'diagnosis_title': 'Bronchiolitis'}","['Chest X-ray', 'Oxygen saturation test']","['Severe difficulty breathing', 'Bluish skin']",['Avoid smoke exposure'],['Saline nasal drops']
102,DIAGNOSIS,Diagnosis: Croup,[],['Steam inhalation'],"{'description': 'A viral infection causing a barking cough and stridor in young children.', 'diagnosis_title': 'Croup'}",['Clinical diagnosis'],['Stridor at rest'],['Avoid cold air exposure'],['Acetaminophen for fever']
103,DIAGNOSIS,Diagnosis: RSV Infection,[],['Frequent suctioning of nasal secretions'],"{'description': 'A respiratory virus causing cold-like symptoms in infants.', 'diagnosis_title': 'RSV Infection'}",['RSV antigen test'],['Severe lethargy'],['Hand hygiene'],['Saline drops']
104,DIAGNOSIS,Diagnosis: Pneumonia,[],['Seek immediate medical care'],"{'description': 'Lung infection causing fever, cough, and difficulty breathing.', 'diagnosis_title': 'Pneumonia'}","['Chest X-ray', 'Blood culture']",['Rapid breathing'],['Vaccination'],"['None, prescription antibiotics needed']"
105,DIAGNOSIS,Diagnosis: Allergic Rhinitis,[],['Avoid allergens'],"{'description': 'Allergy-induced nasal congestion and cough.', 'diagnosis_title': 'Allergic Rhinitis'}",['Allergy testing'],['Severe swelling'],['Use air purifiers'],['Antihistamines']
106,DIAGNOSIS,Diagnosis: Whooping Cough (Pertussis),[],['Vaccination'],"{'description': 'A bacterial infection causing severe coughing fits.', 'diagnosis_title': 'Whooping Cough (Pertussis)'}",['Pertussis culture'],['Apnea episodes'],['Avoid contact with infected individuals'],"['None, antibiotics required']"
107,DIAGNOSIS,Diagnosis: Common Cold,[],['Ensure hydration'],"{'description': 'A viral infection causing mild cough and nasal congestion.', 'diagnosis_title': 'Common Cold'}",['None'],['High fever'],['Handwashing'],['Saline drops']
1,NEW,What is your gender?,"[{'next_q_id': 2, 'opt_value': 'Male', 'option_id': 1}, {'next_q_id': 2, 'opt_value': 'Female', 'option_id': 2}]",,,,,,
2,NEW,What is your age category?,"[{'next_q_id': 15, 'opt_value': '0-2 years (Infant/Toddler)', 'option_id': 1}, {'next_q_id': 15, 'opt_value': '3-12 years (Child)', 'option_id': 2}, {'next_q_id': 15, 'opt_value': '13-18 years (Adolescent)', 'option_id': 3}, {'next_q_id': 15, 'opt_value': '19-40 years (Young Adult)', 'option_id': 4}, {'next_q_id': 15, 'opt_value': '41-65 years (Middle-aged Adult)', 'option_id': 5}, {'next_q_id': 15, 'opt_value': '66+ years (Senior)', 'option_id': 6}]",,,,,,
15,NEW,Does the child have a persistent cough?,"[{'next_q_id': 16, 'opt_value': 'Yes', 'option_id': 1}, {'next_q_id': 108, 'opt_value': 'No', 'option_id': 2}]",,,,,,
16,NEW,Is the cough accompanied by a sore throat?,"[{'next_q_id': 17, 'opt_value': 'Yes', 'option_id': 1}, {'next_q_id': 18, 'opt_value': 'No', 'option_id': 2}]",,,,,,
17,NEW,Does the child have a fever along with the cough?,"[{'next_q_id': 110, 'opt_value': 'Yes', 'option_id': 1}, {'next_q_id': 18, 'opt_value': 'No', 'option_id': 2}]",,,,,,
18,NEW,Is the cough dry or productive?,"[{'next_q_id': 19, 'opt_value': 'Dry', 'option_id': 1}, {'next_q_id': 114, 'opt_value': 'Productive', 'option_id': 2}]",,,,,,
19,NEW,Does the child experience chest pain while coughing?,"[{'next_q_id': 111, 'opt_value': 'Yes', 'option_id': 1}, {'next_q_id': 20, 'opt_value': 'No', 'option_id': 2}]",,,,,,
20,NEW,Does the child have a runny nose?,"[{'next_q_id': 109, 'opt_value': 'Yes', 'option_id': 1}, {'next_q_id': 21, 'opt_value': 'No', 'option_id': 2}]",,,,,,
21,NEW,Is the cough worse in the morning or at night?,"[{'next_q_id': 111, 'opt_value': 'Morning', 'option_id': 1}, {'next_q_id': 22, 'opt_value': 'Night', 'option_id': 2}]",,,,,,
22,NEW,Does the child have a history of asthma or allergies?,"[{'next_q_id': 108, 'opt_value': 'Yes', 'option_id': 1}, {'next_q_id': 23, 'opt_value': 'No', 'option_id': 2}]",,,,,,
23,NEW,Does the child cough after physical activity?,"[{'next_q_id': 108, 'opt_value': 'Yes', 'option_id': 1}, {'next_q_id': 24, 'opt_value': 'No', 'option_id': 2}]",,,,,,
24,NEW,Has the child been exposed to someone with a cold or flu?,"[{'next_q_id': 110, 'opt_value': 'Yes', 'option_id': 1}, {'next_q_id': 25, 'opt_value': 'No', 'option_id': 2}]",,,,,,
25,NEW,Does the child have difficulty sleeping due to the cough?,"[{'next_q_id': 111, 'opt_value': 'Yes', 'option_id': 1}, {'next_q_id': 26, 'opt_value': 'No', 'option_id': 2}]",,,,,,
26,NEW,Has the child recently traveled to a high-pollution area?,"[{'next_q_id': 114, 'opt_value': 'Yes', 'option_id': 1}, {'next_q_id': 113, 'opt_value': 'No', 'option_id': 2}]",,,,,,
108,DIAGNOSIS,Diagnosis: Asthma,[],['Avoid triggers'],"{'description': 'Chronic inflammation of airways causing cough and wheezing.', 'diagnosis_title': 'Asthma'}",['Spirometry'],['Severe wheezing'],['Use prescribed inhalers'],"['None, inhalers required']"
109,DIAGNOSIS,Diagnosis: Sinusitis,[],['Steam inhalation'],"{'description': 'Inflammation of sinuses causing cough and nasal discharge.', 'diagnosis_title': 'Sinusitis'}",['Sinus X-ray'],['Facial swelling'],['Avoid allergens'],['Decongestants']
110,DIAGNOSIS,Diagnosis: Flu (Influenza),[],['Rest and hydration'],"{'description': 'Viral infection causing fever, cough, and body aches.', 'diagnosis_title': 'Flu (Influenza)'}",['Rapid flu test'],['Severe fatigue'],['Annual flu vaccine'],['Acetaminophen']
111,DIAGNOSIS,Diagnosis: GERD,[],['Elevate head while sleeping'],"{'description': 'Acid reflux causing cough, especially at night.', 'diagnosis_title': 'GERD'}",['pH monitoring'],['Severe chest pain'],['Avoid spicy foods'],['Antacids']
112,DIAGNOSIS,Diagnosis: Foreign Body Aspiration,[],['Seek immediate medical attention'],"{'description': 'Inhalation of a foreign object causing sudden cough.', 'diagnosis_title': 'Foreign Body Aspiration'}",['Bronchoscopy'],['Choking'],['Supervise while eating'],"['None, emergency care required']"
113,DIAGNOSIS,Diagnosis: Allergic Rhinitis,[],['Avoid allergens'],"{'description': 'Allergy-induced nasal congestion and cough.', 'diagnosis_title': 'Allergic Rhinitis'}",['Allergy testing'],['Severe swelling'],['Use air purifiers'],['Antihistamines']
114,DIAGNOSIS,Diagnosis: Bronchitis,[],['Stay hydrated'],"{'description': 'Inflammation of the bronchial tubes causing cough.', 'diagnosis_title': 'Bronchitis'}",['Chest X-ray'],['Persistent fever'],['Avoid smoking exposure'],['Cough suppressants']
1,NEW,What is your gender?,"[{'next_q_id': 2, 'opt_value': 'Male', 'option_id': 1}, {'next_q_id': 2, 'opt_value': 'Female', 'option_id': 2}]",,,,,,
2,NEW,What is your age category?,"[{'next_q_id': 15, 'opt_value': '0-2 years (Infant/Toddler)', 'option_id': 1}, {'next_q_id': 15, 'opt_value': '3-12 years (Child)', 'option_id': 2}, {'next_q_id': 15, 'opt_value': '13-18 years (Adolescent)', 'option_id': 3}, {'next_q_id': 15, 'opt_value': '19-40 years (Young Adult)', 'option_id': 4}, {'next_q_id': 15, 'opt_value': '41-65 years (Middle-aged Adult)', 'option_id': 5}, {'next_q_id': 15, 'opt_value': '66+ years (Senior)', 'option_id': 6}]",,,,,,
15,NEW,Does the child have a persistent cough?,"[{'next_q_id': 16, 'opt_value': 'Yes', 'option_id': 1}, {'next_q_id': 108, 'opt_value': 'No', 'option_id': 2}]",,,,,,
16,NEW,Is the cough accompanied by a sore throat?,"[{'next_q_id': 17, 'opt_value': 'Yes', 'option_id': 1}, {'next_q_id': 18, 'opt_value': 'No', 'option_id': 2}]",,,,,,
17,NEW,Does the child have a fever along with the cough?,"[{'next_q_id': 110, 'opt_value': 'Yes', 'option_id': 1}, {'next_q_id': 18, 'opt_value': 'No', 'option_id': 2}]",,,,,,
18,NEW,Is the cough dry or productive?,"[{'next_q_id': 19, 'opt_value': 'Dry', 'option_id': 1}, {'next_q_id': 114, 'opt_value': 'Productive', 'option_id': 2}]",,,,,,
19,NEW,Does the child experience chest pain while coughing?,"[{'next_q_id': 111, 'opt_value': 'Yes', 'option_id': 1}, {'next_q_id': 20, 'opt_value': 'No', 'option_id': 2}]",,,,,,
20,NEW,Does the child have a runny nose?,"[{'next_q_id': 109, 'opt_value': 'Yes', 'option_id': 1}, {'next_q_id': 21, 'opt_value': 'No', 'option_id': 2}]",,,,,,
21,NEW,Is the cough worse in the morning or at night?,"[{'next_q_id': 111, 'opt_value': 'Morning', 'option_id': 1}, {'next_q_id': 22, 'opt_value': 'Night', 'option_id': 2}]",,,,,,
22,NEW,Does the child have a history of asthma or allergies?,"[{'next_q_id': 108, 'opt_value': 'Yes', 'option_id': 1}, {'next_q_id': 23, 'opt_value': 'No', 'option_id': 2}]",,,,,,
23,NEW,Does the child cough after physical activity?,"[{'next_q_id': 108, 'opt_value': 'Yes', 'option_id': 1}, {'next_q_id': 24, 'opt_value': 'No', 'option_id': 2}]",,,,,,
24,NEW,Has the child been exposed to someone with a cold or flu?,"[{'next_q_id': 110, 'opt_value': 'Yes', 'option_id': 1}, {'next_q_id': 25, 'opt_value': 'No', 'option_id': 2}]",,,,,,
25,NEW,Does the child have difficulty sleeping due to the cough?,"[{'next_q_id': 111, 'opt_value': 'Yes', 'option_id': 1}, {'next_q_id': 26, 'opt_value': 'No', 'option_id': 2}]",,,,,,
26,NEW,Has the child recently traveled to a high-pollution area?,"[{'next_q_id': 113, 'opt_value': 'Yes', 'option_id': 1}, {'next_q_id': 112, 'opt_value': 'No', 'option_id': 2}]",,,,,,
108,DIAGNOSIS,Diagnosis: Asthma,[],['Avoid triggers'],"{'description': 'Chronic inflammation of airways causing cough and wheezing.', 'diagnosis_title': 'Asthma'}",['Spirometry'],['Severe wheezing'],['Use prescribed inhalers'],"['None, inhalers required']"
109,DIAGNOSIS,Diagnosis: Sinusitis,[],['Steam inhalation'],"{'description': 'Inflammation of sinuses causing cough and nasal discharge.', 'diagnosis_title': 'Sinusitis'}",['Sinus X-ray'],['Facial swelling'],['Avoid allergens'],['Decongestants']
110,DIAGNOSIS,Diagnosis: Flu (Influenza),[],['Rest and hydration'],"{'description': 'Viral infection causing fever, cough, and body aches.', 'diagnosis_title': 'Flu (Influenza)'}",['Rapid flu test'],['Severe fatigue'],['Annual flu vaccine'],['Acetaminophen']
111,DIAGNOSIS,Diagnosis: GERD,[],['Elevate head while sleeping'],"{'description': 'Acid reflux causing cough, especially at night.', 'diagnosis_title': 'GERD'}",['pH monitoring'],['Severe chest pain'],['Avoid spicy foods'],['Antacids']
112,DIAGNOSIS,Diagnosis: Foreign Body Aspiration,[],['Seek immediate medical attention'],"{'description': 'Inhalation of a foreign object causing sudden cough.', 'diagnosis_title': 'Foreign Body Aspiration'}",['Bronchoscopy'],['Choking'],['Supervise while eating'],"['None, emergency care required']"
113,DIAGNOSIS,Diagnosis: Allergic Rhinitis,[],['Avoid allergens'],"{'description': 'Allergy-induced nasal congestion and cough.', 'diagnosis_title': 'Allergic Rhinitis'}",['Allergy testing'],['Severe swelling'],['Use air purifiers'],['Antihistamines']
114,DIAGNOSIS,Diagnosis: Bronchitis,[],['Stay hydrated'],"{'description': 'Inflammation of the bronchial tubes causing cough.', 'diagnosis_title': 'Bronchitis'}",['Chest X-ray'],['Persistent fever'],['Avoid smoking exposure'],['Cough suppressants']
1,NEW,What is your gender?,"[{'next_q_id': 2, 'opt_value': 'Male', 'option_id': 1}, {'next_q_id': 2, 'opt_value': 'Female', 'option_id': 2}]",,,,,,
2,NEW,What is your age category?,"[{'next_q_id': 27, 'opt_value': '13-18 years (Adolescent)', 'option_id': 3}]",,,,,,
27,NEW,Does the teenager have a persistent cough?,"[{'next_q_id': 28, 'opt_value': 'Yes', 'option_id': 1}, {'next_q_id': 115, 'opt_value': 'No', 'option_id': 2}]",,,,,,
28,NEW,Is the cough accompanied by shortness of breath?,"[{'next_q_id': 115, 'opt_value': 'Yes', 'option_id': 1}, {'next_q_id': 29, 'opt_value': 'No', 'option_id': 2}]",,,,,,
29,NEW,Does the teenager have a fever along with the cough?,"[{'next_q_id': 117, 'opt_value': 'Yes', 'option_id': 1}, {'next_q_id': 30, 'opt_value': 'No', 'option_id': 2}]",,,,,,
30,NEW,Does the cough produce mucus or phlegm?,"[{'next_q_id': 116, 'opt_value': 'Yes', 'option_id': 1}, {'next_q_id': 31, 'opt_value': 'No', 'option_id': 2}]",,,,,,
31,NEW,Does the teenager smoke or vape?,"[{'next_q_id': 118, 'opt_value': 'Yes', 'option_id': 1}, {'next_q_id': 32, 'opt_value': 'No', 'option_id': 2}]",,,,,,
32,NEW,Does the teenager have chest pain while coughing?,"[{'next_q_id': 118, 'opt_value': 'Yes', 'option_id': 1}, {'next_q_id': 33, 'opt_value': 'No', 'option_id': 2}]",,,,,,
33,NEW,Is the cough triggered by exercise or cold air?,"[{'next_q_id': 115, 'opt_value': 'Yes', 'option_id': 1}, {'next_q_id': 34, 'opt_value': 'No', 'option_id': 2}]",,,,,,
34,NEW,Does the teenager have a history of asthma or bronchitis?,"[{'next_q_id': 115, 'opt_value': 'Yes', 'option_id': 1}, {'next_q_id': 35, 'opt_value': 'No', 'option_id': 2}]",,,,,,
35,NEW,Has the teenager been exposed to allergens recently?,"[{'next_q_id': 119, 'opt_value': 'Yes', 'option_id': 1}, {'next_q_id': 116, 'opt_value': 'No', 'option_id': 2}]",,,,,,
36,NEW,Does the male teenager have a hoarse voice with the cough?,"[{'next_q_id': 120, 'opt_value': 'Yes', 'option_id': 1}, {'next_q_id': 37, 'opt_value': 'No', 'option_id': 2}]",,,,,,
37,NEW,Does the male teenager experience wheezing while coughing?,"[{'next_q_id': 120, 'opt_value': 'Yes', 'option_id': 1}, {'next_q_id': 38, 'opt_value': 'No', 'option_id': 2}]",,,,,,
38,NEW,Does the male teenager have a family history of respiratory illnesses?,"[{'next_q_id': 120, 'opt_value': 'Yes', 'option_id': 1}, {'next_q_id': 116, 'opt_value': 'No', 'option_id': 2}]",,,,,,
115,DIAGNOSIS,Diagnosis: Asthma,[],['Avoid triggers'],"{'description': 'Chronic inflammation of airways causing cough and wheezing.', 'diagnosis_title': 'Asthma'}",['Spirometry'],['Severe wheezing'],['Use prescribed inhalers'],"['None, inhalers required']"
116,DIAGNOSIS,Diagnosis: Bronchitis,[],['Stay hydrated'],"{'description': 'Inflammation of the bronchial tubes causing cough.', 'diagnosis_title': 'Bronchitis'}",['Chest X-ray'],['Persistent fever'],['Avoid smoking exposure'],['Cough suppressants']
117,DIAGNOSIS,Diagnosis: Flu (Influenza),[],['Rest and hydration'],"{'description': 'Viral infection causing fever, cough, and body aches.', 'diagnosis_title': 'Flu (Influenza)'}",['Rapid flu test'],['Severe fatigue'],['Annual flu vaccine'],['Acetaminophen']
118,DIAGNOSIS,Diagnosis: GERD,[],['Elevate head while sleeping'],"{'description': 'Acid reflux causing cough, especially at night.', 'diagnosis_title': 'GERD'}",['pH monitoring'],['Severe chest pain'],['Avoid spicy foods'],['Antacids']
119,DIAGNOSIS,Diagnosis: Allergic Rhinitis,[],['Avoid allergens'],"{'description': 'Allergy-induced nasal congestion and cough.', 'diagnosis_title': 'Allergic Rhinitis'}",['Allergy testing'],['Severe swelling'],['Use air purifiers'],['Antihistamines']
120,DIAGNOSIS,Diagnosis: Asthma,[],['Avoid triggers'],"{'description': 'Chronic inflammation of airways causing cough and wheezing.', 'diagnosis_title': 'Asthma'}",['Spirometry'],['Severe wheezing'],['Use prescribed inhalers'],"['None, inhalers required']"
1,NEW,What is your gender?,"[{'next_q_id': 2, 'opt_value': 'Male', 'option_id': 1}, {'next_q_id': 2, 'opt_value': 'Female', 'option_id': 2}]",,,,,,
2,NEW,What is your age category?,"[{'next_q_id': 27, 'opt_value': '0-2 years (Infant/Toddler)', 'option_id': 1}, {'next_q_id': 27, 'opt_value': '3-12 years (Child)', 'option_id': 2}, {'next_q_id': 27, 'opt_value': '13-18 years (Adolescent)', 'option_id': 3}, {'next_q_id': 27, 'opt_value': '19-40 years (Young Adult)', 'option_id': 4}, {'next_q_id': 27, 'opt_value': '41-65 years (Middle-aged Adult)', 'option_id': 5}, {'next_q_id': 27, 'opt_value': '66+ years (Senior)', 'option_id': 6}]",,,,,,
27,NEW,Does the teenager have a persistent cough?,"[{'next_q_id': 28, 'opt_value': 'Yes', 'option_id': 1}, {'next_q_id': 39, 'opt_value': 'No', 'option_id': 2}]",,,,,,
28,NEW,Is the cough accompanied by shortness of breath?,"[{'next_q_id': 115, 'opt_value': 'Yes', 'option_id': 1}, {'next_q_id': 29, 'opt_value': 'No', 'option_id': 2}]",,,,,,
29,NEW,Does the teenager have a fever along with the cough?,"[{'next_q_id': 117, 'opt_value': 'Yes', 'option_id': 1}, {'next_q_id': 30, 'opt_value': 'No', 'option_id': 2}]",,,,,,
30,NEW,Does the cough produce mucus or phlegm?,"[{'next_q_id': 116, 'opt_value': 'Yes', 'option_id': 1}, {'next_q_id': 31, 'opt_value': 'No', 'option_id': 2}]",,,,,,
31,NEW,Does the teenager smoke or vape?,"[{'next_q_id': 118, 'opt_value': 'Yes', 'option_id': 1}, {'next_q_id': 32, 'opt_value': 'No', 'option_id': 2}]",,,,,,
32,NEW,Does the teenager have chest pain while coughing?,"[{'next_q_id': 118, 'opt_value': 'Yes', 'option_id': 1}, {'next_q_id': 33, 'opt_value': 'No', 'option_id': 2}]",,,,,,
33,NEW,Is the cough triggered by exercise or cold air?,"[{'next_q_id': 115, 'opt_value': 'Yes', 'option_id': 1}, {'next_q_id': 34, 'opt_value': 'No', 'option_id': 2}]",,,,,,
34,NEW,Does the teenager have a history of asthma or bronchitis?,"[{'next_q_id': 115, 'opt_value': 'Yes', 'option_id': 1}, {'next_q_id': 35, 'opt_value': 'No', 'option_id': 2}]",,,,,,
35,NEW,Has the teenager been exposed to allergens recently?,"[{'next_q_id': 119, 'opt_value': 'Yes', 'option_id': 1}, {'next_q_id': 116, 'opt_value': 'No', 'option_id': 2}]",,,,,,
39,NEW,Does the female teenager have a persistent dry cough?,"[{'next_q_id': 40, 'opt_value': 'Yes', 'option_id': 1}, {'next_q_id': 41, 'opt_value': 'No', 'option_id': 2}]",,,,,,
40,NEW,Does the female teenager experience fatigue along with the cough?,"[{'next_q_id': 117, 'opt_value': 'Yes', 'option_id': 1}, {'next_q_id': 41, 'opt_value': 'No', 'option_id': 2}]",,,,,,
41,NEW,Does the female teenager have a history of allergies?,"[{'next_q_id': 121, 'opt_value': 'Yes', 'option_id': 1}, {'next_q_id': 116, 'opt_value': 'No', 'option_id': 2}]",,,,,,
115,DIAGNOSIS,Diagnosis: Asthma,[],['Avoid triggers'],"{'description': 'Chronic inflammation of airways causing cough and wheezing.', 'diagnosis_title': 'Asthma'}",['Spirometry'],['Severe wheezing'],['Use prescribed inhalers'],"['None, inhalers required']"
116,DIAGNOSIS,Diagnosis: Bronchitis,[],['Stay hydrated'],"{'description': 'Inflammation of the bronchial tubes causing cough.', 'diagnosis_title': 'Bronchitis'}",['Chest X-ray'],['Persistent fever'],['Avoid smoking exposure'],['Cough suppressants']
117,DIAGNOSIS,Diagnosis: Flu (Influenza),[],['Rest and hydration'],"{'description': 'Viral infection causing fever, cough, and body aches.', 'diagnosis_title': 'Flu (Influenza)'}",['Rapid flu test'],['Severe fatigue'],['Annual flu vaccine'],['Acetaminophen']
118,DIAGNOSIS,Diagnosis: GERD,[],['Elevate head while sleeping'],"{'description': 'Acid reflux causing cough, especially at night.', 'diagnosis_title': 'GERD'}",['pH monitoring'],['Severe chest pain'],['Avoid spicy foods'],['Antacids']
119,DIAGNOSIS,Diagnosis: Allergic Rhinitis,[],['Avoid allergens'],"{'description': 'Allergy-induced nasal congestion and cough.', 'diagnosis_title': 'Allergic Rhinitis'}",['Allergy testing'],['Severe swelling'],['Use air purifiers'],['Antihistamines']
121,DIAGNOSIS,Diagnosis: Allergic Rhinitis,[],['Avoid allergens'],"{'description': 'Allergy-induced nasal congestion and cough.', 'diagnosis_title': 'Allergic Rhinitis'}",['Allergy testing'],['Severe swelling'],['Use air purifiers'],['Antihistamines']
1,NEW,What is your gender?,"[{'next_q_id': 2, 'opt_value': 'Male', 'option_id': 1}, {'next_q_id': 2, 'opt_value': 'Female', 'option_id': 2}]",,,,,,
2,NEW,What is your age category?,"[{'next_q_id': 42, 'opt_value': '0-2 years (Infant/Toddler)', 'option_id': 1}, {'next_q_id': 42, 'opt_value': '3-12 years (Child)', 'option_id': 2}, {'next_q_id': 42, 'opt_value': '13-18 years (Adolescent)', 'option_id': 3}, {'next_q_id': 42, 'opt_value': '19-40 years (Young Adult)', 'option_id': 4}, {'next_q_id': 42, 'opt_value': '41-65 years (Middle-aged Adult)', 'option_id': 5}, {'next_q_id': 42, 'opt_value': '66+ years (Senior)', 'option_id': 6}]",,,,,,
42,NEW,Does the adult have a persistent cough lasting more than 3 weeks?,"[{'next_q_id': 43, 'opt_value': 'Yes', 'option_id': 1}, {'next_q_id': 44, 'opt_value': 'No', 'option_id': 2}]",,,,,,
43,NEW,Is the cough accompanied by blood in the mucus?,"[{'next_q_id': 123, 'opt_value': 'Yes', 'option_id': 1}, {'next_q_id': 44, 'opt_value': 'No', 'option_id': 2}]",,,,,,
44,NEW,Does the adult have a fever along with the cough?,"[{'next_q_id': 124, 'opt_value': 'Yes', 'option_id': 1}, {'next_q_id': 45, 'opt_value': 'No', 'option_id': 2}]",,,,,,
45,NEW,Is the cough worse after lying down?,"[{'next_q_id': 125, 'opt_value': 'Yes', 'option_id': 1}, {'next_q_id': 46, 'opt_value': 'No', 'option_id': 2}]",,,,,,
46,NEW,Does the adult have a history of smoking?,"[{'next_q_id': 123, 'opt_value': 'Yes', 'option_id': 1}, {'next_q_id': 47, 'opt_value': 'No', 'option_id': 2}]",,,,,,
47,NEW,Does the adult experience shortness of breath with the cough?,"[{'next_q_id': 122, 'opt_value': 'Yes', 'option_id': 1}, {'next_q_id': 48, 'opt_value': 'No', 'option_id': 2}]",,,,,,
48,NEW,Is the cough triggered by cold air or exercise?,"[{'next_q_id': 126, 'opt_value': 'Yes', 'option_id': 1}, {'next_q_id': 49, 'opt_value': 'No', 'option_id': 2}]",,,,,,
49,NEW,Does the adult have a history of asthma or chronic bronchitis?,"[{'next_q_id': 122, 'opt_value': 'Yes', 'option_id': 1}, {'next_q_id': 50, 'opt_value': 'No', 'option_id': 2}]",,,,,,
50,NEW,Has the adult been exposed to allergens recently?,"[{'next_q_id': 126, 'opt_value': 'Yes', 'option_id': 1}, {'next_q_id': 51, 'opt_value': 'No', 'option_id': 2}]",,,,,,
51,NEW,Does the male adult have a hoarse voice with the cough?,"[{'next_q_id': 125, 'opt_value': 'Yes', 'option_id': 1}, {'next_q_id': 52, 'opt_value': 'No', 'option_id': 2}]",,,,,,
52,NEW,Does the male adult experience wheezing while coughing?,"[{'next_q_id': 127, 'opt_value': 'Yes', 'option_id': 1}, {'next_q_id': 53, 'opt_value': 'No', 'option_id': 2}]",,,,,,
53,NEW,Does the male adult have a family history of respiratory illnesses?,"[{'next_q_id': 122, 'opt_value': 'Yes', 'option_id': 1}, {'next_q_id': 126, 'opt_value': 'No', 'option_id': 2}]",,,,,,
122,DIAGNOSIS,Diagnosis: Asthma,[],['Avoid triggers'],"{'description': 'Chronic inflammation of airways causing cough and wheezing.', 'diagnosis_title': 'Asthma'}",['Spirometry'],['Severe wheezing'],['Use prescribed inhalers'],"['None, inhalers required']"
123,DIAGNOSIS,Diagnosis: Bronchitis,[],['Stay hydrated'],"{'description': 'Inflammation of the bronchial tubes causing cough.', 'diagnosis_title': 'Bronchitis'}",['Chest X-ray'],['Persistent fever'],['Avoid smoking exposure'],['Cough suppressants']
124,DIAGNOSIS,Diagnosis: Flu (Influenza),[],['Rest and hydration'],"{'description': 'Viral infection causing fever, cough, and body aches.', 'diagnosis_title': 'Flu (Influenza)'}",['Rapid flu test'],['Severe fatigue'],['Annual flu vaccine'],['Acetaminophen']
125,DIAGNOSIS,Diagnosis: GERD,[],['Elevate head while sleeping'],"{'description': 'Acid reflux causing cough, especially at night.', 'diagnosis_title': 'GERD'}",['pH monitoring'],['Severe chest pain'],['Avoid spicy foods'],['Antacids']
126,DIAGNOSIS,Diagnosis: Allergic Rhinitis,[],['Avoid allergens'],"{'description': 'Allergy-induced nasal congestion and cough.', 'diagnosis_title': 'Allergic Rhinitis'}",['Allergy testing'],['Severe swelling'],['Use air purifiers'],['Antihistamines']
127,DIAGNOSIS,Diagnosis: Asthma,[],['Avoid triggers'],"{'description': 'Chronic inflammation of airways causing cough and wheezing.', 'diagnosis_title': 'Asthma'}",['Spirometry'],['Severe wheezing'],['Use prescribed inhalers'],"['None, inhalers required']"
1,NEW,What is your gender?,"[{'next_q_id': 2, 'opt_value': 'Male', 'option_id': 1}, {'next_q_id': 2, 'opt_value': 'Female', 'option_id': 2}]",,,,,,
2,NEW,What is your age category?,"[{'next_q_id': 42, 'opt_value': '0-2 years (Infant/Toddler)', 'option_id': 1}, {'next_q_id': 42, 'opt_value': '3-12 years (Child)', 'option_id': 2}, {'next_q_id': 42, 'opt_value': '13-18 years (Adolescent)', 'option_id': 3}, {'next_q_id': 42, 'opt_value': '19-40 years (Young Adult)', 'option_id': 4}, {'next_q_id': 42, 'opt_value': '41-65 years (Middle-aged Adult)', 'option_id': 5}, {'next_q_id': 42, 'opt_value': '66+ years (Senior)', 'option_id': 6}]",,,,,,
42,NEW,Does the adult have a persistent cough lasting more than 3 weeks?,"[{'next_q_id': 43, 'opt_value': 'Yes', 'option_id': 1}, {'next_q_id': 123, 'opt_value': 'No', 'option_id': 2}]",,,,,,
43,NEW,Is the cough accompanied by blood in the mucus?,"[{'next_q_id': 122, 'opt_value': 'Yes', 'option_id': 1}, {'next_q_id': 44, 'opt_value': 'No', 'option_id': 2}]",,,,,,
44,NEW,Does the adult have a fever along with the cough?,"[{'next_q_id': 124, 'opt_value': 'Yes', 'option_id': 1}, {'next_q_id': 45, 'opt_value': 'No', 'option_id': 2}]",,,,,,
45,NEW,Is the cough worse after lying down?,"[{'next_q_id': 125, 'opt_value': 'Yes', 'option_id': 1}, {'next_q_id': 46, 'opt_value': 'No', 'option_id': 2}]",,,,,,
46,NEW,Does the adult have a history of smoking?,"[{'next_q_id': 123, 'opt_value': 'Yes', 'option_id': 1}, {'next_q_id': 47, 'opt_value': 'No', 'option_id': 2}]",,,,,,
47,NEW,Does the adult experience shortness of breath with the cough?,"[{'next_q_id': 122, 'opt_value': 'Yes', 'option_id': 1}, {'next_q_id': 48, 'opt_value': 'No', 'option_id': 2}]",,,,,,
48,NEW,Is the cough triggered by cold air or exercise?,"[{'next_q_id': 122, 'opt_value': 'Yes', 'option_id': 1}, {'next_q_id': 49, 'opt_value': 'No', 'option_id': 2}]",,,,,,
49,NEW,Does the adult have a history of asthma or chronic bronchitis?,"[{'next_q_id': 122, 'opt_value': 'Yes', 'option_id': 1}, {'next_q_id': 50, 'opt_value': 'No', 'option_id': 2}]",,,,,,
50,NEW,Has the adult been exposed to allergens recently?,"[{'next_q_id': 126, 'opt_value': 'Yes', 'option_id': 1}, {'next_q_id': 123, 'opt_value': 'No', 'option_id': 2}]",,,,,,
54,NEW,Does the female adult have a persistent dry cough?,"[{'next_q_id': 55, 'opt_value': 'Yes', 'option_id': 1}, {'next_q_id': 123, 'opt_value': 'No', 'option_id': 2}]",,,,,,
55,NEW,Does the female adult experience fatigue along with the cough?,"[{'next_q_id': 124, 'opt_value': 'Yes', 'option_id': 1}, {'next_q_id': 56, 'opt_value': 'No', 'option_id': 2}]",,,,,,
56,NEW,Does the female adult have a history of allergies?,"[{'next_q_id': 128, 'opt_value': 'Yes', 'option_id': 1}, {'next_q_id': 123, 'opt_value': 'No', 'option_id': 2}]",,,,,,
122,DIAGNOSIS,Diagnosis: Asthma,[],['Avoid triggers'],"{'description': 'Chronic inflammation of airways causing cough and wheezing.', 'diagnosis_title': 'Asthma'}",['Spirometry'],['Severe wheezing'],['Use prescribed inhalers'],"['None, inhalers required']"
123,DIAGNOSIS,Diagnosis: Bronchitis,[],['Stay hydrated'],"{'description': 'Inflammation of the bronchial tubes causing cough.', 'diagnosis_title': 'Bronchitis'}",['Chest X-ray'],['Persistent fever'],['Avoid smoking exposure'],['Cough suppressants']
124,DIAGNOSIS,Diagnosis: Flu (Influenza),[],['Rest and hydration'],"{'description': 'Viral infection causing fever, cough, and body aches.', 'diagnosis_title': 'Flu (Influenza)'}",['Rapid flu test'],['Severe fatigue'],['Annual flu vaccine'],['Acetaminophen']
125,DIAGNOSIS,Diagnosis: GERD,[],['Elevate head while sleeping'],"{'description': 'Acid reflux causing cough, especially at night.', 'diagnosis_title': 'GERD'}",['pH monitoring'],['Severe chest pain'],['Avoid spicy foods'],['Antacids']
126,DIAGNOSIS,Diagnosis: Allergic Rhinitis,[],['Avoid allergens'],"{'description': 'Allergy-induced nasal congestion and cough.', 'diagnosis_title': 'Allergic Rhinitis'}",['Allergy testing'],['Severe swelling'],['Use air purifiers'],['Antihistamines']
128,DIAGNOSIS,Diagnosis: Allergic Rhinitis,[],['Avoid allergens'],"{'description': 'Allergy-induced nasal congestion and cough.', 'diagnosis_title': 'Allergic Rhinitis'}",['Allergy testing'],['Severe swelling'],['Use air purifiers'],['Antihistamines']
1,NEW,What is your gender?,"[{'next_q_id': 2, 'opt_value': 'Male', 'option_id': 1}, {'next_q_id': 2, 'opt_value': 'Female', 'option_id': 2}]",,,,,,
2,NEW,What is your age category?,"[{'next_q_id': 57, 'opt_value': '41-65 years (Middle-aged Adult)', 'option_id': 5}]",,,,,,
57,NEW,Does the middle-aged adult have a persistent cough lasting more than 3 weeks?,"[{'next_q_id': 58, 'opt_value': 'Yes', 'option_id': 1}, {'next_q_id': 130, 'opt_value': 'No', 'option_id': 2}]",,,,,,
58,NEW,Is the cough accompanied by blood in the mucus?,"[{'next_q_id': 131, 'opt_value': 'Yes', 'option_id': 1}, {'next_q_id': 59, 'opt_value': 'No', 'option_id': 2}]",,,,,,
59,NEW,Does the middle-aged adult have a fever along with the cough?,"[{'next_q_id': 131, 'opt_value': 'Yes', 'option_id': 1}, {'next_q_id': 60, 'opt_value': 'No', 'option_id': 2}]",,,,,,
60,NEW,Is the cough worse after lying down?,"[{'next_q_id': 132, 'opt_value': 'Yes', 'option_id': 1}, {'next_q_id': 61, 'opt_value': 'No', 'option_id': 2}]",,,,,,
61,NEW,Does the middle-aged adult have a history of smoking?,"[{'next_q_id': 130, 'opt_value': 'Yes', 'option_id': 1}, {'next_q_id': 62, 'opt_value': 'No', 'option_id': 2}]",,,,,,
62,NEW,Does the middle-aged adult experience shortness of breath with the cough?,"[{'next_q_id': 129, 'opt_value': 'Yes', 'option_id': 1}, {'next_q_id': 63, 'opt_value': 'No', 'option_id': 2}]",,,,,,
63,NEW,Is the cough triggered by cold air or exercise?,"[{'next_q_id': 129, 'opt_value': 'Yes', 'option_id': 1}, {'next_q_id': 64, 'opt_value': 'No', 'option_id': 2}]",,,,,,
64,NEW,Does the middle-aged adult have a history of asthma or chronic bronchitis?,"[{'next_q_id': 129, 'opt_value': 'Yes', 'option_id': 1}, {'next_q_id': 65, 'opt_value': 'No', 'option_id': 2}]",,,,,,
65,NEW,Has the middle-aged adult been exposed to allergens recently?,"[{'next_q_id': 133, 'opt_value': 'Yes', 'option_id': 1}, {'next_q_id': 66, 'opt_value': 'No', 'option_id': 2}]",,,,,,
66,NEW,Does the male middle-aged adult have a hoarse voice with the cough?,"[{'next_q_id': 132, 'opt_value': 'Yes', 'option_id': 1}, {'next_q_id': 67, 'opt_value': 'No', 'option_id': 2}]",,,,,,
67,NEW,Does the male middle-aged adult experience wheezing while coughing?,"[{'next_q_id': 134, 'opt_value': 'Yes', 'option_id': 1}, {'next_q_id': 68, 'opt_value': 'No', 'option_id': 2}]",,,,,,
68,NEW,Does the male middle-aged adult have a family history of respiratory illnesses?,"[{'next_q_id': 134, 'opt_value': 'Yes', 'option_id': 1}, {'next_q_id': 130, 'opt_value': 'No', 'option_id': 2}]",,,,,,
129,DIAGNOSIS,Diagnosis: Asthma,[],['Avoid triggers'],"{'description': 'Chronic inflammation of airways causing cough and wheezing.', 'diagnosis_title': 'Asthma'}",['Spirometry'],['Severe wheezing'],['Use prescribed inhalers'],"['None, inhalers required']"
130,DIAGNOSIS,Diagnosis: Bronchitis,[],['Stay hydrated'],"{'description': 'Inflammation of the bronchial tubes causing cough.', 'diagnosis_title': 'Bronchitis'}",['Chest X-ray'],['Persistent fever'],['Avoid smoking exposure'],['Cough suppressants']
131,DIAGNOSIS,Diagnosis: Flu (Influenza),[],['Rest and hydration'],"{'description': 'Viral infection causing fever, cough, and body aches.', 'diagnosis_title': 'Flu (Influenza)'}",['Rapid flu test'],['Severe fatigue'],['Annual flu vaccine'],['Acetaminophen']
132,DIAGNOSIS,Diagnosis: GERD,[],['Elevate head while sleeping'],"{'description': 'Acid reflux causing cough, especially at night.', 'diagnosis_title': 'GERD'}",['pH monitoring'],['Severe chest pain'],['Avoid spicy foods'],['Antacids']
133,DIAGNOSIS,Diagnosis: Allergic Rhinitis,[],['Avoid allergens'],"{'description': 'Allergy-induced nasal congestion and cough.', 'diagnosis_title': 'Allergic Rhinitis'}",['Allergy testing'],['Severe swelling'],['Use air purifiers'],['Antihistamines']
134,DIAGNOSIS,Diagnosis: Asthma,[],['Avoid triggers'],"{'description': 'Chronic inflammation of airways causing cough and wheezing.', 'diagnosis_title': 'Asthma'}",['Spirometry'],['Severe wheezing'],['Use prescribed inhalers'],"['None, inhalers required']"
1,NEW,What is your gender?,"[{'next_q_id': 2, 'opt_value': 'Male', 'option_id': 1}, {'next_q_id': 2, 'opt_value': 'Female', 'option_id': 2}]",,,,,,
2,NEW,What is your age category?,"[{'next_q_id': 57, 'opt_value': '41-65 years (Middle-aged Adult)', 'option_id': 5}]",,,,,,
57,NEW,Does the middle-aged adult have a persistent cough lasting more than 3 weeks?,"[{'next_q_id': 58, 'opt_value': 'Yes', 'option_id': 1}, {'next_q_id': 130, 'opt_value': 'No', 'option_id': 2}]",,,,,,
58,NEW,Is the cough accompanied by blood in the mucus?,"[{'next_q_id': 130, 'opt_value': 'Yes', 'option_id': 1}, {'next_q_id': 59, 'opt_value': 'No', 'option_id': 2}]",,,,,,
59,NEW,Does the middle-aged adult have a fever along with the cough?,"[{'next_q_id': 131, 'opt_value': 'Yes', 'option_id': 1}, {'next_q_id': 60, 'opt_value': 'No', 'option_id': 2}]",,,,,,
60,NEW,Is the cough worse after lying down?,"[{'next_q_id': 132, 'opt_value': 'Yes', 'option_id': 1}, {'next_q_id': 61, 'opt_value': 'No', 'option_id': 2}]",,,,,,
61,NEW,Does the middle-aged adult have a history of smoking?,"[{'next_q_id': 130, 'opt_value': 'Yes', 'option_id': 1}, {'next_q_id': 62, 'opt_value': 'No', 'option_id': 2}]",,,,,,
62,NEW,Does the middle-aged adult experience shortness of breath with the cough?,"[{'next_q_id': 129, 'opt_value': 'Yes', 'option_id': 1}, {'next_q_id': 63, 'opt_value': 'No', 'option_id': 2}]",,,,,,
63,NEW,Is the cough triggered by cold air or exercise?,"[{'next_q_id': 129, 'opt_value': 'Yes', 'option_id': 1}, {'next_q_id': 64, 'opt_value': 'No', 'option_id': 2}]",,,,,,
64,NEW,Does the middle-aged adult have a history of asthma or chronic bronchitis?,"[{'next_q_id': 129, 'opt_value': 'Yes', 'option_id': 1}, {'next_q_id': 65, 'opt_value': 'No', 'option_id': 2}]",,,,,,
65,NEW,Has the middle-aged adult been exposed to allergens recently?,"[{'next_q_id': 133, 'opt_value': 'Yes', 'option_id': 1}, {'next_q_id': 130, 'opt_value': 'No', 'option_id': 2}]",,,,,,
129,DIAGNOSIS,Diagnosis: Asthma,[],['Avoid triggers'],"{'description': 'Chronic inflammation of airways causing cough and wheezing.', 'diagnosis_title': 'Asthma'}",['Spirometry'],['Severe wheezing'],['Use prescribed inhalers'],"['None, inhalers required']"
130,DIAGNOSIS,Diagnosis: Bronchitis,[],['Stay hydrated'],"{'description': 'Inflammation of the bronchial tubes causing cough.', 'diagnosis_title': 'Bronchitis'}",['Chest X-ray'],['Persistent fever'],['Avoid smoking exposure'],['Cough suppressants']
131,DIAGNOSIS,Diagnosis: Flu (Influenza),[],['Rest and hydration'],"{'description': 'Viral infection causing fever, cough, and body aches.', 'diagnosis_title': 'Flu (Influenza)'}",['Rapid flu test'],['Severe fatigue'],['Annual flu vaccine'],['Acetaminophen']
132,DIAGNOSIS,Diagnosis: GERD,[],['Elevate head while sleeping'],"{'description': 'Acid reflux causing cough, especially at night.', 'diagnosis_title': 'GERD'}",['pH monitoring'],['Severe chest pain'],['Avoid spicy foods'],['Antacids']
133,DIAGNOSIS,Diagnosis: Allergic Rhinitis,[],['Avoid allergens'],"{'description': 'Allergy-induced nasal congestion and cough.', 'diagnosis_title': 'Allergic Rhinitis'}",['Allergy testing'],['Severe swelling'],['Use air purifiers'],['Antihistamines']
1,NEW,What is your gender?,"[{'next_q_id': 2, 'opt_value': 'Male', 'option_id': 1}, {'next_q_id': 2, 'opt_value': 'Female', 'option_id': 2}]",,,,,,
2,NEW,What is your age category?,"[{'next_q_id': 72, 'opt_value': '0-2 years (Infant/Toddler)', 'option_id': 1}, {'next_q_id': 72, 'opt_value': '3-12 years (Child)', 'option_id': 2}, {'next_q_id': 72, 'opt_value': '13-18 years (Adolescent)', 'option_id': 3}, {'next_q_id': 72, 'opt_value': '19-40 years (Young Adult)', 'option_id': 4}, {'next_q_id': 72, 'opt_value': '41-65 years (Middle-aged Adult)', 'option_id': 5}, {'next_q_id': 72, 'opt_value': '66+ years (Senior)', 'option_id': 6}]",,,,,,
72,NEW,Does the elderly adult have a persistent cough lasting more than 3 weeks?,"[{'next_q_id': 73, 'opt_value': 'Yes', 'option_id': 1}, {'next_q_id': 136, 'opt_value': 'No', 'option_id': 2}]",,,,,,
73,NEW,Is the cough accompanied by blood in the mucus?,"[{'next_q_id': 137, 'opt_value': 'Yes', 'option_id': 1}, {'next_q_id': 74, 'opt_value': 'No', 'option_id': 2}]",,,,,,
74,NEW,Does the elderly adult have a fever along with the cough?,"[{'next_q_id': 138, 'opt_value': 'Yes', 'option_id': 1}, {'next_q_id': 75, 'opt_value': 'No', 'option_id': 2}]",,,,,,
75,NEW,Is the cough worse after lying down?,"[{'next_q_id': 139, 'opt_value': 'Yes', 'option_id': 1}, {'next_q_id': 76, 'opt_value': 'No', 'option_id': 2}]",,,,,,
76,NEW,Does the elderly adult have a history of smoking?,"[{'next_q_id': 137, 'opt_value': 'Yes', 'option_id': 1}, {'next_q_id': 77, 'opt_value': 'No', 'option_id': 2}]",,,,,,
77,NEW,Does the elderly adult experience shortness of breath with the cough?,"[{'next_q_id': 136, 'opt_value': 'Yes', 'option_id': 1}, {'next_q_id': 78, 'opt_value': 'No', 'option_id': 2}]",,,,,,
78,NEW,Is the cough triggered by cold air or exercise?,"[{'next_q_id': 140, 'opt_value': 'Yes', 'option_id': 1}, {'next_q_id': 79, 'opt_value': 'No', 'option_id': 2}]",,,,,,
79,NEW,Does the elderly adult have a history of asthma or chronic bronchitis?,"[{'next_q_id': 136, 'opt_value': 'Yes', 'option_id': 1}, {'next_q_id': 80, 'opt_value': 'No', 'option_id': 2}]",,,,,,
80,NEW,Has the elderly adult been exposed to allergens recently?,"[{'next_q_id': 140, 'opt_value': 'Yes', 'option_id': 1}, {'next_q_id': 81, 'opt_value': 'No', 'option_id': 2}]",,,,,,
81,NEW,Does the elderly male have a hoarse voice with the cough?,"[{'next_q_id': 139, 'opt_value': 'Yes', 'option_id': 1}, {'next_q_id': 82, 'opt_value': 'No', 'option_id': 2}]",,,,,,
82,NEW,Does the elderly male experience wheezing while coughing?,"[{'next_q_id': 141, 'opt_value': 'Yes', 'option_id': 1}, {'next_q_id': 83, 'opt_value': 'No', 'option_id': 2}]",,,,,,
83,NEW,Does the elderly male have a family history of respiratory illnesses?,"[{'next_q_id': 136, 'opt_value': 'Yes', 'option_id': 1}, {'next_q_id': 137, 'opt_value': 'No', 'option_id': 2}]",,,,,,
136,DIAGNOSIS,Diagnosis: Asthma,[],['Avoid triggers'],"{'description': 'Chronic inflammation of airways causing cough and wheezing.', 'diagnosis_title': 'Asthma'}",['Spirometry'],['Severe wheezing'],['Use prescribed inhalers'],"['None, inhalers required']"
137,DIAGNOSIS,Diagnosis: Bronchitis,[],['Stay hydrated'],"{'description': 'Inflammation of the bronchial tubes causing cough.', 'diagnosis_title': 'Bronchitis'}",['Chest X-ray'],['Persistent fever'],['Avoid smoking exposure'],['Cough suppressants']
138,DIAGNOSIS,Diagnosis: Flu (Influenza),[],['Rest and hydration'],"{'description': 'Viral infection causing fever, cough, and body aches.', 'diagnosis_title': 'Flu (Influenza)'}",['Rapid flu test'],['Severe fatigue'],['Annual flu vaccine'],['Acetaminophen']
139,DIAGNOSIS,Diagnosis: GERD,[],['Elevate head while sleeping'],"{'description': 'Acid reflux causing cough, especially at night.', 'diagnosis_title': 'GERD'}",['pH monitoring'],['Severe chest pain'],['Avoid spicy foods'],['Antacids']
140,DIAGNOSIS,Diagnosis: Allergic Rhinitis,[],['Avoid allergens'],"{'description': 'Allergy-induced nasal congestion and cough.', 'diagnosis_title': 'Allergic Rhinitis'}",['Allergy testing'],['Severe swelling'],['Use air purifiers'],['Antihistamines']
141,DIAGNOSIS,Diagnosis: Asthma,[],['Avoid triggers'],"{'description': 'Chronic inflammation of airways causing cough and wheezing.', 'diagnosis_title': 'Asthma'}",['Spirometry'],['Severe wheezing'],['Use prescribed inhalers'],"['None, inhalers required']"
1,NEW,What is your gender?,"[{'next_q_id': 2, 'opt_value': 'Male', 'option_id': 1}, {'next_q_id': 2, 'opt_value': 'Female', 'option_id': 2}]",,,,,,
2,NEW,What is your age category?,"[{'next_q_id': 72, 'opt_value': '0-2 years (Infant/Toddler)', 'option_id': 1}, {'next_q_id': 72, 'opt_value': '3-12 years (Child)', 'option_id': 2}, {'next_q_id': 72, 'opt_value': '13-18 years (Adolescent)', 'option_id': 3}, {'next_q_id': 72, 'opt_value': '19-40 years (Young Adult)', 'option_id': 4}, {'next_q_id': 72, 'opt_value': '41-65 years (Middle-aged Adult)', 'option_id': 5}, {'next_q_id': 72, 'opt_value': '66+ years (Senior)', 'option_id': 6}]",,,,,,
72,NEW,Does the elderly adult have a persistent cough lasting more than 3 weeks?,"[{'next_q_id': 73, 'opt_value': 'Yes', 'option_id': 1}, {'next_q_id': 136, 'opt_value': 'No', 'option_id': 2}]",,,,,,
73,NEW,Is the cough accompanied by blood in the mucus?,"[{'next_q_id': 137, 'opt_value': 'Yes', 'option_id': 1}, {'next_q_id': 74, 'opt_value': 'No', 'option_id': 2}]",,,,,,
74,NEW,Does the elderly adult have a fever along with the cough?,"[{'next_q_id': 138, 'opt_value': 'Yes', 'option_id': 1}, {'next_q_id': 75, 'opt_value': 'No', 'option_id': 2}]",,,,,,
75,NEW,Is the cough worse after lying down?,"[{'next_q_id': 139, 'opt_value': 'Yes', 'option_id': 1}, {'next_q_id': 76, 'opt_value': 'No', 'option_id': 2}]",,,,,,
76,NEW,Does the elderly adult have a history of smoking?,"[{'next_q_id': 137, 'opt_value': 'Yes', 'option_id': 1}, {'next_q_id': 77, 'opt_value': 'No', 'option_id': 2}]",,,,,,
77,NEW,Does the elderly adult experience shortness of breath with the cough?,"[{'next_q_id': 136, 'opt_value': 'Yes', 'option_id': 1}, {'next_q_id': 78, 'opt_value': 'No', 'option_id': 2}]",,,,,,
78,NEW,Is the cough triggered by cold air or exercise?,"[{'next_q_id': 136, 'opt_value': 'Yes', 'option_id': 1}, {'next_q_id': 79, 'opt_value': 'No', 'option_id': 2}]",,,,,,
79,NEW,Does the elderly adult have a history of asthma or chronic bronchitis?,"[{'next_q_id': 136, 'opt_value': 'Yes', 'option_id': 1}, {'next_q_id': 80, 'opt_value': 'No', 'option_id': 2}]",,,,,,
80,NEW,Has the elderly adult been exposed to allergens recently?,"[{'next_q_id': 140, 'opt_value': 'Yes', 'option_id': 1}, {'next_q_id': 136, 'opt_value': 'No', 'option_id': 2}]",,,,,,
84,NEW,Does the elderly female have a persistent dry cough?,"[{'next_q_id': 85, 'opt_value': 'Yes', 'option_id': 1}, {'next_q_id': 136, 'opt_value': 'No', 'option_id': 2}]",,,,,,
85,NEW,Does the elderly female experience fatigue along with the cough?,"[{'next_q_id': 138, 'opt_value': 'Yes', 'option_id': 1}, {'next_q_id': 86, 'opt_value': 'No', 'option_id': 2}]",,,,,,
86,NEW,Does the elderly female have a history of allergies?,"[{'next_q_id': 142, 'opt_value': 'Yes', 'option_id': 1}, {'next_q_id': 136, 'opt_value': 'No', 'option_id': 2}]",,,,,,
136,DIAGNOSIS,Diagnosis: Asthma,[],['Avoid triggers'],"{'description': 'Chronic inflammation of airways causing cough and wheezing.', 'diagnosis_title': 'Asthma'}",['Spirometry'],['Severe wheezing'],['Use prescribed inhalers'],"['None, inhalers required']"
137,DIAGNOSIS,Diagnosis: Bronchitis,[],['Stay hydrated'],"{'description': 'Inflammation of the bronchial tubes causing cough.', 'diagnosis_title': 'Bronchitis'}",['Chest X-ray'],['Persistent fever'],['Avoid smoking exposure'],['Cough suppressants']
138,DIAGNOSIS,Diagnosis: Flu (Influenza),[],['Rest and hydration'],"{'description': 'Viral infection causing fever, cough, and body aches.', 'diagnosis_title': 'Flu (Influenza)'}",['Rapid flu test'],['Severe fatigue'],['Annual flu vaccine'],['Acetaminophen']
139,DIAGNOSIS,Diagnosis: GERD,[],['Elevate head while sleeping'],"{'description': 'Acid reflux causing cough, especially at night.', 'diagnosis_title': 'GERD'}",['pH monitoring'],['Severe chest pain'],['Avoid spicy foods'],['Antacids']
140,DIAGNOSIS,Diagnosis: Allergic Rhinitis,[],['Avoid allergens'],"{'description': 'Allergy-induced nasal congestion and cough.', 'diagnosis_title': 'Allergic Rhinitis'}",['Allergy testing'],['Severe swelling'],['Use air purifiers'],['Antihistamines']
142,DIAGNOSIS,Diagnosis: Allergic Rhinitis,[],['Avoid allergens'],"{'description': 'Allergy-induced nasal congestion and cough.', 'diagnosis_title': 'Allergic Rhinitis'}",['Allergy testing'],['Severe swelling'],['Use air purifiers'],['Antihistamines']
